3247547,laravel
3247545,laravel
3247534,laravel
2548048,devops
2008647,general
1906301,devops
1871424,general
1744329,devops
1744328,docker
1744322,devops
1691311,ai
1489638,general
1462661,general
1418366,general
1408235,general
1398112,general
1397379,ai
1395810,general
1392472,general
1392348,general
1380013,general
1376075,general
1368718,devops
1366056,devops
1364832,general
1361671,general
1360368,general
1358238,general
1354309,general
1352202,general
1347508,laravel
1347483,general
1344466,general
1344465,general
1344464,general
1341693,general
1339075,general
1337632,general
1337569,devops
1336470,general
1331379,general
1331357,devops
1330068,devops
1330061,devops
1330048,docker
1322848,devops
1321196,docker
1320152,devops
241571,docker
